dataset,split,label,instances,images
marswars,test,blue_active,2,2
marswars,test,game_piece,723,112
marswars,test,inactive,1,1
marswars,test,red_active,1,1
marswars,train,blue_active,35,35
marswars,train,game_piece,7107,878
marswars,train,inactive,37,35
marswars,train,red_active,22,22
marswars,valid,blue_active,9,9
marswars,valid,game_piece,1768,182
marswars,valid,inactive,5,5
marswars,valid,red_active,6,6
robotzftp2,train,fuel,1596,1218
robotzftp2,valid,fuel,801,604
robotzftp2_fuel,test,Fuels,49,48
robotzftp2_fuel,train,Fuels,320,320
robotzftp2_fuel,valid,Fuels,96,96
scorekeeper,test,FUEL,611,49
scorekeeper,test,robot,490,133
scorekeeper,train,FUEL,11976,1002
scorekeeper,train,robot,12884,3414
scorekeeper,valid,FUEL,1140,97
scorekeeper,valid,robot,1234,348
testingfrfr,test,fuel,49,47
testingfrfr,test,robot,478,200
testingfrfr,train,fuel,7629,6192
testingfrfr,train,robot,14556,5732
testingfrfr,valid,fuel,540,425
testingfrfr,valid,robot,683,269
