dataset,split,images,source_images,boxes,zero_label_images,boxes_per_image_mean,boxes_per_image_median,boxes_per_image_max,resolutions,top_resolution,top_resolution_images,width_min,width_max,height_min,height_max,small_box_fraction,medium_box_fraction,large_box_fraction,invalid_boxes
marswars,test,132,132,727,20,5.5076,2.0,140,3,1280x960,124,1080,1920,960,1920,0.4966,0.4979,0.0055,0
marswars,train,979,979,7201,85,7.3555,2.0,179,3,1280x960,841,1080,1920,960,1920,0.5777,0.4095,0.0128,0
marswars,valid,199,199,1788,16,8.9849,2.0,150,3,1280x960,172,1080,1920,960,1920,0.6085,0.3842,0.0073,0
testingfrfr,test,252,235,527,5,2.0913,1.0,12,1,640x640,252,640,640,640,640,0.1271,0.4744,0.3985,0
testingfrfr,train,12015,3632,22185,91,1.8464,1.0,13,1,640x640,12015,640,640,640,640,0.0847,0.4547,0.4606,0
testingfrfr,valid,698,689,1223,4,1.7521,1.0,14,1,640x640,698,640,640,640,640,0.0703,0.4554,0.4742,0
scorekeeper,test,183,176,1101,1,6.0164,5.0,15,1,512x512,183,512,512,512,512,0.0781,0.8302,0.0917,0
scorekeeper,train,4449,1336,24860,33,5.5878,5.0,15,1,512x512,4449,512,512,512,512,0.038,0.8272,0.1348,0
scorekeeper,valid,450,429,2374,5,5.2756,5.0,15,1,512x512,450,512,512,512,512,0.0674,0.8058,0.1268,0
robotzftp2,train,1272,1272,1596,54,1.2547,1.0,3,1,1920x1080,1272,1920,1920,1080,1080,0.0094,0.3828,0.6078,0
robotzftp2,valid,626,626,801,22,1.2796,1.0,2,1,1920x1080,626,1920,1920,1080,1080,0.0137,0.3995,0.5868,0
robotzftp2_fuel,test,48,48,49,0,1.0208,1.0,2,2,360x640,25,360,540,640,960,0.0,0.0,1.0,0
robotzftp2_fuel,train,320,320,320,0,1.0,1.0,1,2,540x960,161,360,540,640,960,0.0,0.0,1.0,0
robotzftp2_fuel,valid,96,96,96,0,1.0,1.0,1,2,360x640,50,360,540,640,960,0.0,0.0,1.0,0
