dataset,split,source_label,target,instances
marswars,test,blue_active,DROP,2
marswars,test,game_piece,fuel,723
marswars,test,inactive,DROP,1
marswars,test,red_active,DROP,1
marswars,train,blue_active,DROP,35
marswars,train,game_piece,fuel,7107
marswars,train,inactive,DROP,37
marswars,train,red_active,DROP,22
marswars,valid,blue_active,DROP,9
marswars,valid,game_piece,fuel,1768
marswars,valid,inactive,DROP,5
marswars,valid,red_active,DROP,6
testingfrfr,test,fuel,fuel,49
testingfrfr,test,robot,robot,478
testingfrfr,train,fuel,fuel,7629
testingfrfr,train,robot,robot,14556
testingfrfr,valid,fuel,fuel,540
testingfrfr,valid,robot,robot,683
scorekeeper,test,FUEL,fuel,611
scorekeeper,test,robot,robot,490
scorekeeper,train,FUEL,fuel,11976
scorekeeper,train,robot,robot,12884
scorekeeper,valid,FUEL,fuel,1140
scorekeeper,valid,robot,robot,1234
robotzftp2,train,fuel,fuel,1596
robotzftp2,valid,fuel,fuel,801
robotzftp2_fuel,test,Fuels,fuel,49
robotzftp2_fuel,train,Fuels,fuel,320
robotzftp2_fuel,valid,Fuels,fuel,96
